Participant_ID,Mean_Accuracy,Mean_ResponseTime,Gender,Delta_TP9_mean,Delta_AF7_mean,Delta_AF8_mean,Delta_TP10_mean,Theta_TP9_mean,Theta_AF7_mean,Theta_AF8_mean,Theta_TP10_mean,Alpha_TP9_mean,Alpha_AF7_mean,Alpha_AF8_mean,Alpha_TP10_mean,Beta_TP9_mean,Beta_AF7_mean,Beta_AF8_mean,Beta_TP10_mean,Gamma_TP9_mean,Gamma_AF7_mean,Gamma_AF8_mean,Gamma_TP10_mean,GSR RAW_mean,GSR Resistance CAL_mean,GSR Conductance CAL_mean,ET_GazeLeftx_mean,ET_GazeLefty_mean,ET_GazeRightx_mean,ET_GazeRighty_mean,ET_PupilLeft_mean,ET_PupilRight_mean,ET_TimeSignal_mean,ET_DistanceLeft_mean,ET_DistanceRight_mean,ET_CameraLeftX_mean,ET_CameraLeftY_mean,ET_CameraRightX_mean,ET_CameraRightY_mean,ET_ValidityLeft_mean,ET_ValidityRight_mean,Row_mean,SampleNumber_mean,Anger_mean,Contempt_mean,Disgust_mean,Fear_mean,Joy_mean,Sadness_mean,Surprise_mean,Engagement_mean,Valence_mean,Sentimentality_mean,Confusion_mean,Neutral_mean,Attention_mean,Brow Furrow_mean,Brow Raise_mean,Cheek Raise_mean,Chin Raise_mean,Dimpler_mean,Eye Closure_mean,Eye Widen_mean,Inner Brow Raise_mean,Jaw Drop_mean,Lip Corner Depressor_mean,Lip Press_mean,Lip Pucker_mean,Lip Stretch_mean,Lip Suck_mean,Lid Tighten_mean,Mouth Open_mean,Nose Wrinkle_mean,Smile_mean,Smirk_mean,Upper Lip Raise_mean,Blink_mean,BlinkRate_mean,Pitch_mean,Yaw_mean,Roll_mean,Interocular Distance_mean
1,0.8,10.670374,Male,0.902835663,0.655312953,0.890637821,1.073309957,0.758854237,0.273826409,0.492062986,0.844171966,1.028695194,0.313080274,0.526248829,1.118364833,0.565673702,-0.303737709,-0.114388126,1.338869974,-0.158600529,-0.898878117,-0.576330318,1.174968619,1411.650405,54.93896673,18.26287558,811.0432441,504.2364705,848.8307262,535.0440615,0.149076991,0.248870787,405248.445,530.4380461,539.3841409,0.462192202,0.358579803,0.348432568,0.389330603,0.349708142,0.260762111,4104.4875,4098.4875,0.127903158,0.191972439,0.024102135,0.12971045,0.024053168,0.127466647,0.066522368,0.328932588,0.0,0.012289041,0.004272207,99.61271754,97.43079628,0.004268164,0.171348922,0.015651042,0.001459318,9.15e-05,6.636036959,0.166027471,0.119053657,3.170375115,0.000226784,0.029850262,2.65e-05,3.81e-05,0.000148602,0.022805717,0.130173744,0.001517784,0.000248827,0.004815346,0.001762276,0.00617952,8.233709789,5.919577643,-3.733026087,2.361373021,164.7458021
2,0.666666667,17.24516974,Female,0.595641648,0.39811536,0.178195358,0.679702133,0.479195358,0.117618487,-0.069325619,0.491102737,0.717759995,0.24282717,0.133164475,0.695150899,0.429106622,0.127073216,0.278848818,0.402575224,0.115703797,-0.127390406,0.140365429,0.13110471,18435.8399,143.7704499,6.990797309,808.7039786,445.2051194,814.3481215,472.1213513,0.24026335,0.311496252,472650.7173,575.2650541,589.0029234,0.44285151,0.409501795,0.345586222,0.441249305,0.303368162,0.196032025,4787.121212,4782.121212,0.835288433,0.259537961,0.032820794,3.690315424,0.279663509,0.125125827,2.8180294,2.336731078,0.02715652,0.338011739,0.669889561,92.72555462,97.26816712,2.131153482,10.81544963,0.387449165,0.094710817,0.08577651,1.678650557,34.82348996,0.167426298,1.304952266,0.280136386,1.001441065,0.4927207,0.324871068,0.089493595,0.120713634,1.015911819,1.474977572,0.257694563,0.521458022,0.949613199,0.009048836,10.22383763,-3.858026845,-3.911672098,3.529759853,138.1720017
3,0.69047619,17.92557464,Female,0.937621955,0.521729498,1.257628602,0.797292996,0.628224204,0.201041764,0.83137537,0.602122196,0.765455668,0.201225561,0.799410634,0.787084164,0.411186536,-0.174670306,0.304409368,0.564009925,-0.13905586,-0.506511769,-0.192976305,0.26502035,41129.19543,622.6993451,1.848665656,928.0150723,503.6439591,953.1885689,531.4090897,0.619464148,0.513642197,925945.8945,602.2788965,602.3806504,0.527250735,0.409444724,0.383082758,0.413381506,0.116279804,0.111155725,9376.285714,9371.285714,0.494569443,0.114081302,0.062420451,11.12265223,0.02406926,0.54175656,8.53069392,30.51252786,-0.095547878,0.123203966,1.591449877,81.38875904,98.24125999,0.078775918,24.28946781,0.027587277,0.010845173,0.00030469,0.809387348,24.40085516,33.99899002,10.72085884,0.122665851,0.006364852,1.580064574,7e-05,2.78e-05,0.003535408,37.34684164,0.28735465,0.000176449,0.002927714,0.097798338,0.004904862,5.613881247,7.438386018,1.79155754,2.156700101,143.4630601
4,0.595238095,13.82837992,Female,0.905026064,0.542217966,0.90169658,0.947061023,0.688913431,0.189431512,0.496068573,0.658108688,1.14334585,0.44417303,0.630583832,1.07215254,0.453893475,0.672077473,0.438547401,0.45059808,-0.092695144,0.485218022,0.203656608,-0.028983422,47183.56929,716.0404809,1.401622697,715.4042405,379.815455,684.3900504,385.6422732,0.242026074,0.155277847,553660.9738,605.2514365,553.3544816,0.223472356,0.191144935,0.05127097,0.12499295,0.765054278,0.938085979,5607.130952,5601.130952,0.374799953,0.188343379,0.144184532,0.319157927,0.024092505,0.250828443,0.06092266,9.714488844,-0.112147147,0.036515377,0.063507623,99.01485632,97.47920891,0.013823067,1.073003404,0.035201941,0.327266794,4.11e-05,21.2972925,0.037311745,0.084592445,0.446231898,0.274410435,0.193628295,15.47203916,0.000757431,0.000202695,0.000546145,31.93889458,0.030419909,0.001140858,0.015276688,0.052636454,0.022381932,23.30857037,17.6599224,-3.395108932,1.134760916,119.806452
5,0.886363636,17.67531873,Female,0.749492502,0.702109241,0.805378842,0.87999476,0.594168719,0.459404445,0.474016625,0.609400736,0.707657683,0.557599093,0.570727747,0.755822095,0.630544494,0.136197505,0.154031803,0.547177176,0.34592846,-0.129501631,-0.158058103,0.196008225,19077.17081,98.17130198,10.26494013,778.2750331,485.9762679,802.3277041,494.2531195,0.489219904,0.492041515,848819.4496,603.7039831,596.0232775,0.47491851,0.416056899,0.319405675,0.400076556,0.25790181,0.286317874,8589.284091,8583.284091,0.898504684,0.331987332,0.050604009,12.54282174,0.024728498,0.136681188,11.79004858,15.3887904,-0.523136471,0.627002051,0.195361162,78.98463035,96.25657384,0.123130635,33.89553466,0.382978329,3.825052272,0.13303647,1.457627397,41.09170243,6.61700116,0.557138354,0.048791666,4.128952549,0.328849132,0.575488544,6.978452799,0.229967515,5.640657038,0.488617836,0.04396466,1.344505185,0.083083207,0.019911005,22.78302747,-0.279030636,-5.463291044,1.133436935,148.8813542
6,0.65,33.08019689,Male,0.629102423,-0.167449049,0.194243547,0.588640239,0.393106589,-0.435085914,-0.15142316,0.333333834,0.637303231,-0.232061529,-0.08456164,0.590806669,0.197796402,-0.432877583,-0.311126204,0.19207737,-0.319371461,-0.693954904,-0.592097735,-0.177270004,35025.80767,438.2357833,2.308143111,182.7158709,99.34311981,535.5128246,337.5496189,-0.660619951,0.490465764,656864.1562,117.923491,448.5070392,-0.745439308,-0.758398215,-0.122754591,-0.09311162,3.347886889,1.53481295,6651.525,6645.525,0.238044156,0.255985946,0.079571979,0.189262015,0.024148532,0.171102037,1.803089899,5.357290057,-1.728929461,0.106151135,0.073027539,96.19109261,93.211378,0.070869279,0.781891398,0.084492237,6.218979454,0.929078592,15.61551147,0.19125499,0.276782801,71.49579224,0.12137108,6.444353772,0.00685693,0.524942458,3.792087232,0.017603322,8.446082334,0.007131194,0.00050175,0.539376487,0.012046589,0.005842147,5.061984903,20.17653939,-7.115520224,3.843691238,126.9019236
7,0.657142857,14.74531807,Female,0.777552426,0.555391451,1.009528756,0.673763635,0.559469461,0.246802398,0.638145727,0.528287102,0.779359552,0.245299481,0.562560027,0.754619676,0.499760722,0.034993869,0.051537915,0.519185201,0.171453096,-0.102319603,-0.260854985,0.258669759,19356.52309,86.11861188,11.69109821,808.6753845,493.0537987,832.1912739,493.5393238,0.262410722,0.294868445,647082.1239,597.0823665,598.7679497,0.389387618,0.33880473,0.276376151,0.352542305,0.40910186,0.37222463,6552.7,6546.7,0.078336947,0.126032995,0.013935139,4.05802964,0.024176751,0.857373669,3.807455722,3.406364917,-1.427319984,0.049592093,5.498058448,92.0538198,98.51668923,5.831932117,27.31380051,0.089033503,0.004217082,0.001375357,4.189469571,6.28246978,36.20157806,0.009183707,0.047841926,0.015280359,1.62e-05,0.000237884,0.000331633,0.005960471,0.049892438,0.039364215,0.008858842,0.011308061,0.007447879,0.030442468,34.89506746,11.53898173,-0.657026097,-0.100284207,131.1557341
8,0.714285714,6.956587869,Male,1.010863051,0.413662176,0.568160127,0.930611295,0.695723266,0.059028562,0.177941206,0.652971085,0.844427597,0.127485943,0.273313402,0.809593065,0.579284031,-0.303251452,-0.252247762,0.432118525,0.298408845,-0.654460658,-0.696194389,0.126400576,1600.919558,29.88358819,33.47437019,819.0921859,470.8486054,817.5194788,517.1153728,0.72526747,0.795639046,390838.3957,629.2357381,647.5749251,0.475247437,0.442030332,0.364051782,0.483442658,0.212010935,0.097074759,3958.857143,3952.857143,0.158137093,0.188399578,0.025890221,0.170118208,0.024094844,0.238219064,0.075031352,0.4750192,-0.108343512,0.036768453,0.001322414,99.43027415,98.5439742,0.000931315,1.0909219,0.042811584,0.228081607,0.008843151,0.232405485,5.117969971,0.01689879,0.100142174,0.214501081,0.222179167,1.53e-07,0.005464287,0.004127136,1.82e-05,0.605097103,0.001082771,0.001964666,0.044257946,0.000943713,0.002021711,3.005108392,16.43868234,0.595429457,0.588259427,143.0010468
9,0.763157895,19.03647086,Female,0.991902844,1.298192257,0.621024412,0.842518187,0.678266276,0.876362458,0.270018673,0.570071863,0.820889932,0.874629647,0.394990653,0.742303625,0.504535318,0.376398637,0.699136076,0.483960538,0.214684079,0.154871556,0.704577193,0.221669185,45150.93438,755.6276477,1.42309935,840.623895,479.8596914,884.4559411,517.0143286,0.235111333,0.360089866,669277.0799,552.0889974,559.9861083,0.442689011,0.463886855,0.333686592,0.507000463,0.254451,0.168628067,6777.368421,6771.368421,0.843106674,0.472618464,0.159663637,55.56942941,0.024288821,0.451559305,60.06671204,65.59217263,-1.516439327,3.839245077,0.288571155,26.1324885,98.037368,0.194511233,86.20085905,0.121283079,0.825491477,3.685971821,1.086422586,67.01736151,26.76798009,11.14601211,7.043094626,3.160970056,0.270442726,0.182671166,0.320559003,0.069624751,15.90142119,0.101807316,0.011227374,1.452814448,0.389025141,0.008494278,10.12028837,0.544200853,1.724663676,-0.596752656,150.650391
10,0.394736842,15.02106608,Male,0.818906722,0.642379748,0.728706645,0.818906722,0.624646492,0.32406418,0.386167636,0.818906722,0.833639729,0.419318112,0.45038223,0.818906722,0.502322858,0.235483847,0.205536351,0.818906722,0.099221428,-0.03248412,-0.084886993,-0.084886993,50832.6465,1270.587639,0.824039904,769.1628571,492.7058361,803.5096538,501.7728255,0.066796641,0.578003456,588641.2535,563.4725378,582.3182293,0.423411689,0.322315181,0.333332726,0.37227781,0.451926133,0.322927397,5961.565789,5954.565789,1.604781384,0.183969139,0.024220203,2.300965555,0.024054251,0.146169133,1.186596716,0.328773526,0.0,0.03325145,0.079383879,95.39602156,98.34417113,0.000294088,1.930612876,0.016897296,0.094352676,0.000666138,0.016502766,61.67227401,0.032253804,0.009312956,3.026817827,0.017426488,0.037526265,2.74e-05,3.85e-05,3.59e-05,0.016404424,0.080600873,2.01e-05,0.012970166,0.01282411,0.000242354,0.61508525,7.807486543,-0.757500474,2.440806524,148.3107815
11,0.681818182,15.57808129,Male,0.844950748,0.367907701,0.422252709,0.861467538,0.764212757,0.159546213,0.174443022,0.740957158,0.932857742,0.238425479,0.269513422,0.884620118,0.524788952,0.040630477,0.18830125,0.559325427,0.037877939,-0.148984305,0.002438837,0.205356364,18504.05432,137.9249285,7.339047726,798.1262944,533.965561,841.6840185,543.1280385,0.2409512,0.224907773,758952.8365,449.7866642,463.9403463,0.331374317,0.285175053,0.231564159,0.347626468,0.593371802,0.414823334,7685.284091,7678.284091,0.497034834,0.022563945,0.076246827,28.13658157,0.024057611,0.032993036,48.57878792,60.44371422,-0.002069605,0.007375107,0.008797187,36.3313503,96.96601877,0.004062131,88.33960205,0.014540658,0.104254399,0.004602146,0.247832424,47.38587995,2.194071591,39.21840653,0.000154081,0.056040705,0.006304736,0.000116324,0.150241014,0.000295006,17.59187294,0.003094289,0.002461394,0.151402972,0.002654968,0.001337285,3.26690511,0.807280789,-4.565292741,2.707356255,174.4639456
12,0.644444444,8.200871327,Female,0.917344869,1.294595673,1.243997928,0.807780168,0.621810282,0.924846422,0.901946484,0.560243219,0.608385586,0.873415576,0.866929282,0.613436827,0.805999401,0.948407363,0.735577804,0.819443179,0.466372329,0.789157283,0.416590125,0.478954986,1255.160592,47.99247676,20.87221736,724.7957276,479.0607484,768.3675603,495.0889496,0.038002964,-0.087330593,664372.6839,474.1922708,464.1412572,0.375523997,0.383694368,0.214955149,0.344462245,0.464172676,0.563431491,6727.5,6721.5,0.339445803,0.337117628,0.26468107,26.10835883,0.024165375,2.302395865,61.25256517,94.61535055,-3.21189883,1.984557505,6.199154909,19.01351607,98.38793505,0.001642894,61.12613229,0.096226484,5.849076583,0.279539161,6.997885718,8.068738391,38.81094408,88.74012465,4.488112152,3.378569812,7.415890564,0.38255994,2.371230049,0.035770904,80.10474508,0.004650182,0.000906153,1.164289164,0.022381966,0.052159551,46.66391495,-0.035512453,0.58673143,2.195132697,136.8740202
13,0.785714286,17.02187549,Male,0.859773007,0.5440352,0.552867305,0.923135621,0.640764875,0.31816208,0.303877335,0.693764965,0.802406836,0.362513619,0.349529513,0.81194792,0.420894735,-0.021662011,0.053942757,0.292943876,-0.014084741,-0.242027213,-0.085297433,-0.076082614,19576.88003,78.54103978,12.81607145,758.9682824,519.0001481,749.48255,542.6857511,0.478702998,0.403210692,762136.5601,599.5470369,607.2560917,0.452159807,0.383571941,0.344591235,0.402016371,0.295881465,0.218763324,7717.595238,7711.595238,0.20065934,0.233350481,0.023615362,0.303994576,0.024252699,0.154493794,0.206266885,0.476368583,-0.036361265,0.138448197,0.844799995,99.24678471,95.88493317,0.463206367,1.839500376,0.157260286,0.178985586,0.11602849,1.168385251,9.631967348,4.121776951,6.180918377,0.123229948,0.294253291,0.723840608,0.146907674,0.183068013,0.041920895,0.947444363,0.062433036,0.001629931,0.147834852,0.015774935,0.012669206,12.42452028,3.58165933,-5.995438982,3.292408174,140.984569
14,0.878787879,18.95198068,Male,0.549592455,0.421906012,0.637797969,0.596412458,0.563289014,0.099017993,0.339717729,0.546046665,0.767943632,0.147422825,0.333062457,0.699979924,0.336295708,-0.453310539,-0.192073067,0.101605056,-0.045749549,-0.797304049,-0.492501121,-0.213583519,18784.32765,114.5791157,8.769907989,360.3523274,153.108413,125.9934291,46.21758205,-0.99261822,-0.981255343,548493.1048,221.5027722,87.67254087,-0.481742459,-0.494598913,-0.810434362,-0.796282727,2.645729766,3.453646005,5548.393939,5542.393939,0.145729819,0.192105018,0.02902922,0.164587296,0.024058394,0.130097221,0.086080397,0.341626632,0.0,0.014546155,0.39440708,99.58289107,97.56527349,0.102596551,0.265637011,0.01971464,0.002583853,5.9e-06,8.106645783,0.225299511,0.503064193,4.007293426,0.018865152,0.000162941,1.152867255,2.54e-06,2.34e-05,0.050948016,4.982471714,0.067401344,7.82e-05,0.007019312,0.271002646,0.006606446,7.214892208,16.42551937,-3.368091222,0.462756878,131.3140904
15,0.666666667,9.658791195,Female,0.946653011,0.326219215,0.998504148,0.927009912,0.735989287,0.097584991,0.61190394,0.747846971,0.977204851,0.215523428,0.61432175,1.072765149,0.537438809,-0.02098222,-0.092444437,0.877680581,0.194772198,-0.241191735,-0.450115519,0.678773042,18056.56305,199.295245,5.054501133,830.7504268,564.9026761,822.2127015,520.8509777,0.63460262,0.545652443,418539.7057,604.3982938,593.919836,0.495175467,0.375799823,0.33533611,0.357829506,0.187926305,0.249405476,4239.630952,4233.630952,0.293712433,0.257623323,0.035135532,3.406534734,0.024118482,2.740089583,2.926199488,31.62249051,-4.807622017,1.993546446,0.010154126,89.18085451,97.99905861,0.003168244,27.80422841,0.049836602,2.845273839,1.586759458,1.189008105,19.56705002,2.126412723,0.038017484,37.36373958,2.389801193,0.005708262,0.404400576,1.063548972,7.39e-05,0.716305006,0.008192351,0.001837284,0.418773647,0.001397516,0.008889811,9.462903498,4.668120768,2.029227213,1.092311757,136.1676452
16,0.733333333,9.316312038,Male,0.835260775,0.848602115,1.231497844,1.185945089,0.76312746,0.56724583,0.835372038,1.081375746,1.098374445,0.691571306,0.852323252,1.064945756,0.361027268,0.094746837,0.172555632,1.108283371,-0.20859542,-0.283144212,-0.217346974,0.897335299,18661.1249,123.2397699,8.140929387,894.0853542,604.6781975,951.9573158,564.8673057,0.748572104,0.78762717,502769.8188,643.4711638,646.1226621,0.559640082,0.441363399,0.434111052,0.44321623,0.152968329,0.138978699,5092.088889,5086.088889,0.138834958,0.194526818,0.023443565,0.18234543,0.024055829,0.15580361,0.086949364,0.334024563,-0.000981038,0.696676949,0.821279828,99.53338326,98.13369752,1.051986175,0.944979187,0.017655227,0.028654776,0.003170561,1.028449115,1.173395441,1.799939435,0.013789138,1.43680476,0.0014884,0.002272873,0.001249567,9.47e-06,0.021177394,0.023374763,0.045879721,0.000222156,0.041497214,0.017801024,0.002445343,4.412649809,10.0623186,-1.972071067,1.631305519,133.2779776
17,0.725,14.50117946,Male,1.044618989,1.185144891,0.736659467,1.10319302,0.721044816,0.760780201,0.310461989,0.715291333,0.841689634,0.75384363,0.306161475,0.805007939,0.466470607,-0.033575157,-0.397211189,0.401364989,0.100206984,-0.676660205,-0.877337716,0.083307807,1303.877803,44.19937924,22.64785241,808.5158234,561.7832123,836.6129929,532.9415097,0.570790268,0.454236231,603373.8244,637.4992794,636.7649123,0.472792723,0.457556229,0.328847595,0.434890445,0.230894818,0.250086314,6110.0875,6105.0875,0.146740056,0.195721519,0.029416472,0.140039677,0.024151,0.145679948,0.283463392,0.650558099,-0.113512607,0.658455049,0.255975987,99.32467122,98.0316215,0.004916228,0.265880769,0.076645423,4.289494439,0.072515049,1.119584011,0.243542106,0.90287827,27.19774533,0.116353924,5.312466354,1.098312907,0.02246196,0.194507103,0.003979303,0.315081984,0.010564543,0.004509328,0.175882614,0.003443246,0.004422825,4.571660717,17.88271582,-2.17473272,9.366171362,132.4135619
18,1.0,16.273294,Female,1.00220704,1.398097221,0.690917974,1.036854758,0.700368909,0.999299808,0.378140169,0.698209351,0.776303342,0.928299472,0.484287739,0.82561441,0.449340688,0.389201611,0.311608577,0.515184372,0.179410125,-0.043151941,0.069784639,0.258889501,19256.80201,90.29960486,11.18199902,440.8082398,296.5022373,472.8778357,310.5923496,-0.999986529,-0.99760257,738147.9227,275.3045085,285.7879037,-0.176296443,-0.251156648,-0.230621121,-0.22406214,1.94386901,1.865855521,7474.767442,7469.767442,1.018072704,1.040538704,0.324009932,14.51919315,0.060959272,0.42472811,13.39859427,17.76398722,-2.383316655,0.560775587,1.130366595,72.62922992,95.41897617,2.869381685,44.75419675,0.347663839,2.310595554,9.137071242,1.543487586,55.18330271,1.563413173,0.230397078,0.401621748,5.471882429,9.10643475,0.720434028,1.774479958,0.481853925,1.534986165,3.32083962,0.122404949,3.072242908,1.859328225,0.013319131,14.26285797,-5.173317543,3.081231943,3.948680891,164.798871
19,0.727272727,21.34011103,Male,0.801914031,0.785578929,0.8025679,0.81405358,0.748226647,0.495819967,0.455366042,0.778740786,0.775913311,0.420881778,0.382788466,0.790041411,0.200254944,-0.248535782,-0.315635752,0.192104543,-0.397019453,-0.837499454,-0.920096559,-0.369033377,18406.42412,147.1789147,6.840622918,829.7945882,447.5653256,887.5240519,514.0537542,0.312489819,0.437429769,691800.6431,606.2045369,636.3469487,0.492463174,0.379755198,0.442258925,0.443161902,0.316972769,0.114102438,7005.893939,7000.893939,0.536371456,0.654214113,0.094986544,0.624840078,0.024172424,0.137611666,0.31546853,1.585630917,-0.368477297,0.100444106,0.07057453,98.05804304,96.22230702,0.001163709,0.750687107,0.061259147,1.314066231,0.594208666,0.921620982,19.22280354,0.191570582,1.460241911,0.165208071,2.051013408,0.076402494,0.283189408,1.588769759,0.002737678,0.49979896,0.118305441,0.005640518,0.824961006,0.084608426,0.003998787,5.492427776,3.152025248,-5.561900969,5.02551376,133.0568691
20,0.76744186,6.892061879,Male,0.666351165,0.637190046,0.027924553,0.61433717,0.44393535,0.242831335,-0.264432583,0.277182435,0.785671278,0.37890083,-0.062205514,0.626155195,0.535194471,0.242465218,0.181749283,0.545388879,0.120472606,-0.02544255,-0.027954214,0.277666283,47809.47183,760.854838,1.335185589,861.46504,491.235801,917.0571175,511.0001393,0.465761023,0.494732355,360230.0266,614.5383166,627.5050126,0.458446503,0.418925206,0.358115297,0.461109406,0.26838829,0.175193902,3649.174419,3644.174419,0.131014723,0.246794019,0.025496693,0.159542243,0.024214477,0.138794095,0.538806365,0.330753236,0.000849545,0.009626139,0.027220242,98.8437232,98.44694697,0.026673434,1.43739024,0.122538966,0.002307335,0.033897692,5.654009186,0.56414663,2.41978201,41.97511468,0.000736387,0.008657065,0.005859504,0.000274421,0.004449188,0.118825533,2.707208465,0.043903771,0.002141338,0.581472957,0.052114931,0.000668678,1.232064339,21.16867333,1.16705574,-1.859652638,133.3460966
21,0.688888889,16.84296341,Male,0.914286318,0.041930677,0.801614083,0.929204025,0.677252582,-0.243779291,0.311146217,0.631895415,0.944978377,-0.013043846,0.259591391,0.870348028,0.506321199,0.099845187,-0.099200386,0.489891844,0.160137888,-0.081942885,-0.343124331,0.168594124,27212.81138,245.9088305,4.490307143,740.9716944,433.8960848,760.9102074,429.0288708,-0.057013064,-2.72e-05,845293.3427,442.0274874,451.7521745,0.281779615,0.21331503,0.185421527,0.249155188,0.812065427,0.717623846,8559.733333,8553.733333,0.110910838,0.219231708,0.020233506,0.387392775,0.024287599,0.611372753,0.204148419,1.007669354,-0.705625239,1.848020633,4.383633965,98.69659008,97.70755737,3.996107293,3.406470437,0.18353261,0.422205913,0.006228315,4.472623748,0.714510131,20.59241765,0.211439179,2.463857968,0.670736687,2.421611054,0.027449599,0.065147701,0.733851815,0.006029866,1.157334222,0.001601688,0.063713721,0.772095964,0.004704273,5.805647722,-3.244953615,-2.875833108,0.338550396,157.7302583
22,0.575757576,22.5555946,Female,0.723589046,0.552530026,1.021807011,0.599869701,0.641823112,0.308552761,0.661775902,0.579247292,0.853899883,0.507753087,0.742743296,0.784951345,0.638418235,0.810239002,0.719754916,0.67180353,0.396789015,0.73058435,0.553407631,0.44208657,17879.33862,73.82571067,13.86883174,844.7113894,478.9742623,861.8161206,491.0548409,0.34090756,0.341794969,635315.5893,605.7145414,615.0418071,0.452540772,0.388021995,0.330218527,0.410733212,0.304805551,0.270576381,6433.681818,6428.681818,0.92619193,0.156667693,0.054733113,44.39123629,0.02620394,0.09528246,50.75165904,44.60976983,-0.227413583,0.112007674,0.933780631,32.93222555,97.24644115,1.221368633,75.99454147,0.219016546,0.168353872,0.303250934,2.730188816,75.35690972,2.739158136,13.17746815,0.113827173,0.748768559,1.423192133,0.043364291,0.198855437,0.26553731,6.609600326,0.496049965,0.02318762,0.353687737,0.806038955,0.020235045,20.1293102,3.665636359,3.745360774,1.704301537,140.98902
23,0.75862069,26.77411987,Male,0.636137774,0.910053996,-0.221679838,0.290017303,0.424096021,0.935590643,-0.484447866,0.24933539,0.699621891,0.840258533,-0.301154893,0.403585937,0.47282368,1.180470316,-0.145445373,0.629558397,0.023742268,1.104061124,-0.358151782,0.532626436,35128.37724,679.7663211,1.473048839,635.4296795,364.3015455,638.79291,392.7733604,-0.52338445,-0.530415601,750114.4344,452.5604034,470.4373663,0.147137407,0.074057559,0.077190436,0.110880285,1.119721402,1.004135182,7595.534483,7588.534483,0.634912955,0.100905297,0.024089725,12.98302856,0.024037377,0.081790715,12.25491759,8.407059536,0.0,0.069010729,0.014959516,78.22583782,97.29195821,0.014427676,35.52117113,0.004541931,0.078794023,0.002381677,1.043877084,45.97072864,0.135412708,0.410620064,0.663919875,0.036342051,0.001521501,0.000170706,0.001195209,0.000573901,0.049707434,0.005248246,3.68e-06,0.003245712,0.001685147,0.005069667,6.398124137,4.314002883,-3.53415392,3.799469707,153.7940148
24,0.866666667,15.74071867,Male,0.775428113,0.504099403,0.489605324,0.658577604,0.576234719,0.182725864,0.165280288,0.406496617,0.806521975,0.301597355,0.289848682,0.606651692,0.443456651,-0.089472743,-0.180800982,0.297174695,-0.030086721,-0.41341557,-0.569621081,-0.062782534,35750.27627,533.3556717,1.952567701,842.6140293,465.8765889,798.608605,443.1244279,0.528177436,0.565081222,798690.5371,618.3512986,580.594336,0.421738583,0.410119793,0.22968361,0.32742704,0.394412669,0.592121934,8087.966667,8082.966667,0.115054842,0.166652655,0.024755237,0.187239476,0.024665253,0.117102249,0.098764609,0.663221835,-0.010528644,0.095474266,0.002187659,99.56318614,97.48620532,0.001406115,8.894542697,0.208927121,0.091757973,0.009324763,11.14672587,0.442901279,0.153020527,2.161476838,0.019692125,0.383264004,0.020688478,0.130702144,0.033571224,0.001054799,0.454984528,0.006858768,0.039304215,0.513008485,0.017642658,0.00350142,4.294251042,12.84614567,-3.327327523,2.745839323,125.7352727
25,0.5,19.19925511,Female,0.824841197,1.045882844,1.224677326,0.897796968,0.680312918,0.653133691,0.861411542,0.727073121,0.726330328,0.688115508,0.796066135,0.744272134,0.42122312,0.649059201,0.499512885,0.436162169,0.020942227,0.387039403,0.175108688,0.050966801,46922.39004,988.7864223,1.136423283,820.3434541,518.037778,851.1183376,488.620972,0.319855974,0.407673814,600358.3376,585.7911939,584.8269411,0.433565956,0.418290367,0.299445231,0.414320253,0.298020808,0.303863367,6079.544118,6074.544118,1.267855341,0.148499479,0.281375763,58.70540832,0.024417986,0.157443969,50.70836437,97.34469305,-0.060172397,0.344646776,0.343785883,23.66253056,98.2994997,0.002228891,85.72682439,0.252256,0.024657605,0.101541834,10.33123239,42.86996691,30.72722669,21.51132377,0.333887944,0.252234027,0.321281341,0.018310616,3.11e-06,0.007739543,81.23862265,0.335088164,0.011741017,0.330919406,1.460544715,0.042813262,43.8099158,2.084917307,1.462303397,3.177973299,134.837336
26,0.676470588,20.82627985,Female,0.683526865,0.346276343,0.745115752,0.975629282,0.433139383,-0.018734534,0.308815814,0.792047673,0.588735941,0.189557307,0.396468298,0.988943187,0.534576719,0.827900217,0.685496097,1.046782077,0.190020531,0.703541999,0.475339334,0.936182862,18497.83418,138.4339489,7.307292474,622.8364162,362.2213653,627.3479617,417.7991705,-0.167906188,0.000267225,625156.4209,435.943129,480.8923933,0.119292036,0.102842322,0.115502434,0.232093312,1.127931246,0.7792071,6331.294118,6325.294118,0.129549943,0.52445523,0.029790482,0.245025235,0.02419613,0.118097397,0.131116805,2.029638881,-0.4626544,0.31326203,0.567892443,98.95976898,97.71927942,0.012767368,12.89694757,0.106159507,2.040651269,0.389465446,7.591210522,1.124676209,0.696076478,0.306329757,0.042305136,3.564301511,3.547792569,0.654776723,0.396365607,0.001281461,0.350171926,0.005346297,0.002447237,0.759184336,0.00210759,0.002486553,3.620020115,9.242308139,-2.805883866,2.187055682,152.4229676
27,0.8,16.43110669,Male,0.846911205,0.510615778,0.611457866,0.664546425,0.660706245,0.17257696,0.257677544,0.416355349,1.018480062,0.270522722,0.34412856,0.806989712,0.490364745,-0.095398298,-0.08699491,1.188945933,0.079226691,-0.405339829,-0.470298798,1.107475664,18406.96694,147.3850433,6.84339415,742.7605485,429.4208766,828.8971857,519.7467286,0.430285524,0.531749021,687286.0181,509.3395267,561.172636,0.368136145,0.311691458,0.357223974,0.448419417,0.475763248,0.088457509,6960.225,6954.225,0.195921382,0.241588471,0.043115705,0.145261756,0.024242152,0.223919514,0.06438122,2.28066829,-0.800555462,2.594379341,0.242562299,99.41552047,98.13196496,0.239914492,0.278404931,0.150448169,15.84787785,8.729090301,0.717242418,0.562340445,2.636818076,0.031784707,1.105344025,17.18930811,0.019077293,0.250618126,0.016524757,0.008360205,0.005445631,0.042411553,0.001086442,0.821009179,0.005471256,0.000444931,0.495068425,11.8449275,-0.633864985,3.590442168,160.714831
28,0.675,18.0689978,Male,0.714085611,0.349208493,0.550986314,0.607330747,0.693782775,0.062928666,0.192551775,0.494406859,0.922168884,0.161629491,0.267624447,0.673642241,0.583790456,-0.224933126,-0.25830055,0.346373592,-0.104228863,-0.573379848,-0.66851867,-0.162479699,18376.45551,159.7768984,6.68762625,646.6925553,345.6655574,529.1597476,308.1455125,-0.590406729,-0.518650512,832184.7289,444.4585714,401.4929938,0.022787615,-0.00395224,-0.171709106,-0.11229813,1.303412414,1.577490125,8426.05,8419.05,0.129884923,0.195172081,0.024262649,0.131813598,0.024099844,0.130807998,0.073516652,0.416378613,-0.009015637,0.033111535,0.417292231,99.60841531,98.08014553,0.416127711,0.339008517,0.049395975,0.091907647,0.002387971,0.316295583,0.015613398,0.264588072,5.654513169,0.016989094,0.150811031,0.077120086,0.000426323,0.138908274,0.146244473,0.215044655,0.012101904,0.000289877,0.080476417,0.023553223,0.001130825,0.932305449,18.2236936,-0.928189748,6.2846552,140.5527926
29,0.771428571,20.57092831,Male,0.727074149,0.894004939,0.724425806,0.793618808,0.582628321,0.591758244,0.383126464,0.64407157,0.871510211,0.641294308,0.443064421,0.889925746,0.629299423,0.39506856,0.243638988,0.6380479,0.367475214,0.286338947,0.075733707,0.340477627,16454.32797,67.61516843,14.85554117,743.301335,445.4311754,741.5087663,432.8214386,0.293212126,0.148010834,798775.6246,466.8534479,483.2699067,0.339964275,0.180400337,0.238464758,0.205304722,0.772363924,0.696096609,8088.471429,8083.471429,0.024440711,0.019424878,0.020794987,4.176387179,0.024060688,0.043565223,11.82016179,51.16790543,0.0,0.121962456,0.014789196,78.10921273,96.87602864,0.000297281,93.03712084,0.021542026,0.009021384,0.002047781,20.45616072,0.885785141,9.90437274,20.35853618,0.120454439,0.02427163,0.014700899,4.58e-05,5.18e-05,0.00011504,0.512265068,0.001589284,5.81e-05,0.081896074,0.004304494,0.034667169,37.39018459,13.94307671,-4.553703755,5.697306826,152.2508795
30,0.6,19.47215916,Female,0.6597996,0.759582993,0.680516423,0.747387525,0.551777803,0.214068919,0.346053672,0.622376972,0.67751583,0.432291268,0.408028691,0.830024666,0.396042419,0.959040703,0.160711039,0.568818829,0.139440091,0.767760003,-0.102557167,0.314899151,18043.62651,201.6691222,4.988457107,876.1066867,501.8931138,901.0164284,508.2146856,0.319971223,0.436027122,510988.9366,614.5417148,621.135847,0.49872294,0.478755622,0.38807274,0.495281197,0.22509358,0.178197815,5175.257143,5169.257143,0.815182558,0.129563442,0.033000191,26.08288974,0.024046411,0.604382229,25.50869855,31.78148598,-1.232452369,3.166565316,0.103686984,57.08791476,97.65591064,0.200880628,61.24841904,0.010530689,1.253888516,0.193922666,1.06711879,69.26984096,4.14719083,0.009945491,14.82913558,0.767387881,0.011796198,0.156386223,0.319691403,5.13e-05,0.408824567,0.081578719,0.000132525,0.181167461,0.036399902,0.00920485,10.2146775,7.529309824,-3.07600989,3.310587984,133.5703302
31,0.852941176,20.89548219,Male,0.599446465,0.230470705,0.216119784,0.619522542,0.425618401,-0.041516659,-0.099994629,0.439267944,0.858494664,0.206560878,0.135832478,0.762817213,0.37952635,-0.117406607,0.224740849,0.39648503,-0.103025008,-0.470513873,0.063758201,-0.014111235,25609.25071,226.9657596,4.446785562,871.0909475,487.4286611,906.1023044,482.8921677,0.255082434,0.307476041,697489.2197,594.4411693,604.0566543,0.430635344,0.372849813,0.312464312,0.39766057,0.319374211,0.252278283,7063.161765,7058.161765,0.193390195,0.19071936,0.091042211,0.14955393,0.024115374,2.147311603,0.066536243,4.956198726,-5.013098425,0.204504611,0.15939971,95.77864353,98.26344808,0.007523952,0.701564812,0.054870123,25.77627392,0.008265722,0.843373798,2.50070032,0.192664525,0.174773131,19.36806079,4.048722241,1.556372463,0.052884558,0.038156246,8.89e-05,0.126923984,0.110388789,0.002882857,0.061238349,0.036895721,0.01062911,12.52642148,6.933036646,-0.342420259,1.777200413,142.4440656
32,0.705882353,20.02709377,Male,1.051130851,0.794191265,1.037630888,1.000167481,0.651102885,0.470758202,0.629728621,0.670536436,0.722066302,0.54358537,0.623597653,0.739954068,0.431526251,0.552239736,0.588011477,0.514294439,0.102536913,0.3115952,0.288733448,0.177600636,51858.21706,1155.336018,0.898531273,723.2439267,398.0561663,778.0427839,482.3531543,-0.192955122,0.106829131,739967.7061,468.1311949,533.6837186,0.160017732,0.158024327,0.206431089,0.345608199,0.887020051,0.412215639,7492.823529,7486.823529,0.140788034,0.151202204,0.141362004,2.053192939,0.024796125,0.384111122,2.285007296,7.787339153,-0.282942454,3.273124,0.652822885,95.03039384,96.31745851,0.104058533,25.72095214,0.082837129,0.3373383,0.086610352,1.81483729,6.093727547,11.82206387,5.47037804,5.295229702,0.452967852,1.588428898,0.00614955,0.008814645,0.079364414,5.951694634,0.080440589,0.018805185,0.119207419,0.473829577,0.015561587,14.67552488,6.463318181,4.991067318,-1.345532618,148.5683378
33,0.676470588,21.9751785,Female,0.81399723,1.186701513,1.364235927,0.845637713,0.664169132,0.831196537,1.129497078,0.649057151,0.950942318,0.860213125,1.125757427,0.9260837,0.686845625,0.37173057,0.85277503,0.614042244,0.417973537,0.09668139,0.370946744,0.345437885,1166.576877,56.70442077,17.64353606,897.8965564,510.3265688,870.3347156,491.4687417,0.383783965,0.291755866,695574.3774,587.4540731,575.8096275,0.456566513,0.413386277,0.313834349,0.390588016,0.257001985,0.296516914,7044.147059,7038.147059,0.059652195,0.829125657,0.01756973,3.040157964,0.024064677,0.916168779,3.062765541,10.70926052,-1.405412424,2.128796688,0.362612798,92.42772928,96.10703486,0.153107156,33.7139742,0.021965525,2.689345149,0.514821351,4.629546621,4.370034473,41.64433142,0.0164745,0.296109241,3.654093764,0.28902072,0.132217438,1.826967893,1.42e-05,0.619845461,0.006532808,0.000791683,0.975565461,0.07140925,0.030692826,32.51961343,14.57522701,-5.200700076,5.469100755,131.6650526
34,0.818181818,16.10681117,Male,0.822519148,0.793472838,0.784602732,0.954525783,0.643036641,0.362366487,0.360400036,0.699439076,0.871866311,0.438123487,0.400463375,0.888463026,0.465756854,0.093923701,0.164556217,0.49945006,-0.063908085,-0.174675805,-0.187571336,0.058293581,35310.03116,376.6669562,2.724587776,432.4823626,251.2473914,443.3885601,283.6098559,-1.0,-0.999749906,700016.585,286.6177662,301.1207114,-0.264435659,-0.284261497,-0.298136916,-0.240883927,2.101702343,1.981229398,7086.693182,7080.693182,0.122526797,0.175756161,0.027021696,0.154043066,0.024044218,0.199253575,0.070888086,0.577303101,-0.133534279,0.0713701,0.134272954,99.48827313,98.14729542,0.004645494,4.363261144,0.009552855,1.081360405,0.001799931,24.79972878,0.478933602,0.072679529,0.004392241,1.837323546,0.131816092,0.318415064,0.016454583,0.130691834,0.005161926,0.013230193,0.130720856,1e-05,0.049290361,0.068413543,0.017902414,17.33659988,4.808752963,-1.83978165,4.260935336,157.2606494
35,0.707317073,13.39640469,Male,0.989565167,0.610436699,0.6800904,0.950393255,0.823221066,0.314092322,0.8558905,1.022740925,1.10103454,0.684645609,1.2215711,1.145939553,1.018593297,1.136225271,1.2973837,1.295396643,0.628731144,0.932750315,1.2784722,0.943196346,52437.49143,870.5114909,1.155729348,868.1714844,513.0468078,830.5021544,496.9807442,0.326079855,0.210303693,606417.7925,572.887438,557.3426559,0.460083308,0.349618334,0.280246328,0.31846433,0.352233264,0.441730874,6139.817073,6132.817073,0.034855707,0.020660342,0.023927726,3.355434693,0.024188614,0.029447761,3.238945147,44.38453924,-0.000137045,0.01599859,0.003517071,93.25447872,98.39171474,0.00021137,90.02526249,0.08874425,0.001388898,0.002321681,6.332924827,4.72141755,0.674221553,0.346815888,0.011572416,0.028773433,0.000374272,0.000213342,0.000104118,0.000370991,0.199763107,0.005781525,0.013319803,0.027937714,0.0063548,0.012531213,12.08551608,8.302535709,-0.729824574,1.66971854,152.9562955
36,0.628571429,19.80889922,Female,0.978717963,0.454149767,0.818129771,0.900164542,0.649725231,0.135680098,0.454466532,0.599563742,0.829727414,0.33632324,0.538476581,0.804612623,0.657843368,0.680795575,0.693269434,0.628436685,0.452720071,0.538881585,0.510661736,0.385795731,20829.31048,153.4574997,8.062660909,876.8928444,515.5853658,901.4826344,518.8563434,0.543021368,0.475959376,751939.1522,604.5924569,604.03412,0.497012131,0.40653225,0.361991572,0.422688036,0.134443724,0.111118672,7586.514286,7574.514286,0.088633715,0.064330907,0.040596852,1.85999414,0.024053054,1.552259418,1.68388091,17.12436492,-2.900971846,2.723970039,0.0066888,93.93353459,96.72752289,0.003887645,49.01815645,0.014526449,7.983504011,0.269975959,1.171849817,7.10532035,7.578338855,2.625764601,9.075484471,2.616199994,0.00066177,0.00300232,0.002417499,1.15e-05,2.253546066,0.004583106,0.000761534,0.033178927,0.001352888,0.006064634,7.095080882,19.82095996,4.894937865,0.571915625,138.4764915
37,0.717948718,16.59818573,Male,0.714281282,0.182020752,0.946196083,0.732781929,0.511274704,-0.125861088,0.361361644,0.504060268,0.706374025,0.011931531,0.274337648,0.673987584,0.355028374,-0.151357319,-0.009716388,0.227028985,-0.071528755,-0.351258137,-0.382340232,-0.156516096,18313.69454,161.4308649,6.36721698,147.8728519,64.70993971,107.1877943,58.18797542,-0.970880807,-0.869281937,685456.1783,95.19114793,87.14599135,-0.786293806,-0.774933752,-0.822068633,-0.793345811,3.446174459,3.494033827,6941.935897,6935.935897,0.170177727,0.213847539,0.027485314,0.163348729,0.024059203,0.278524207,0.063891244,1.076143486,-0.455940234,0.030557658,0.199530926,99.31404466,97.42855618,1.460672885,0.206694866,0.020358918,0.228969949,0.017888129,3.203007018,0.131168732,0.231787976,0.820565484,0.054289988,0.83958135,0.000787302,0.003511045,0.038412419,0.061464448,1.386889774,0.002167275,7.03e-05,0.106576165,0.001756633,0.013841844,16.15267876,11.21703303,-3.632621629,0.365988657,121.8885165
38,0.727272727,19.85947337,Female,0.85550608,0.873862772,0.715132374,0.846878663,0.643327309,0.531271893,0.387784856,0.603442812,0.882755653,0.628354563,0.494547426,0.847593544,0.5650221,0.565342943,0.360332793,0.599787822,0.194116392,0.388555091,0.15895151,0.273857674,35438.37943,356.4072989,2.912643848,606.9344767,404.9853312,822.3840225,489.8081726,-0.764917634,0.110352755,518423.6376,391.7835831,485.4662266,0.067409585,0.05358181,0.208783214,0.322789604,1.207666554,0.509128716,5249.757576,5244.757576,0.145840064,0.242356946,0.031051552,0.146067019,0.354921777,0.133636081,0.067076845,1.239793944,0.393596292,0.101333268,0.605487989,99.14450159,98.33001541,0.981266791,0.477274875,0.191132767,0.1489204,0.000607299,9.969328501,0.207886731,0.37346001,1.529116157,0.002025789,0.155287717,21.44930649,0.216854222,0.165519761,0.027024296,2.780063039,0.113080279,0.472518039,0.125694641,0.451604047,0.008745862,10.67993564,-6.873729236,-1.431156104,0.860816024,131.09052
